{"source":2,"revision":16,"description":null,"createdBy":{"displayName":"Joel Hulen","url":"https://app.vssps.visualstudio.com/A7214b4e4-7ace-40b0-b139-973d0a8a2bab/_apis/Identities/806ea4d5-c8fa-4f9c-b43a-4872cf5d8eaa","_links":{"avatar":{"href":"https://solliance.visualstudio.com/_apis/GraphProfile/MemberAvatars/aad.MTZlNTlhNzItM2Q2NS03Yjg3LTg1MjEtNTZlMGNiNjcxM2Fi"}},"id":"806ea4d5-c8fa-4f9c-b43a-4872cf5d8eaa","uniqueName":"joel@solliance.net","imageUrl":"https://solliance.visualstudio.com/_api/_common/identityImage?id=806ea4d5-c8fa-4f9c-b43a-4872cf5d8eaa","descriptor":"aad.MTZlNTlhNzItM2Q2NS03Yjg3LTg1MjEtNTZlMGNiNjcxM2Fi"},"createdOn":"2018-08-16T21:54:14.877Z","modifiedBy":{"displayName":"Joel Hulen","url":"https://app.vssps.visualstudio.com/A7214b4e4-7ace-40b0-b139-973d0a8a2bab/_apis/Identities/806ea4d5-c8fa-4f9c-b43a-4872cf5d8eaa","_links":{"avatar":{"href":"https://solliance.visualstudio.com/_apis/GraphProfile/MemberAvatars/aad.MTZlNTlhNzItM2Q2NS03Yjg3LTg1MjEtNTZlMGNiNjcxM2Fi"}},"id":"806ea4d5-c8fa-4f9c-b43a-4872cf5d8eaa","uniqueName":"joel@solliance.net","imageUrl":"https://solliance.visualstudio.com/_api/_common/identityImage?id=806ea4d5-c8fa-4f9c-b43a-4872cf5d8eaa","descriptor":"aad.MTZlNTlhNzItM2Q2NS03Yjg3LTg1MjEtNTZlMGNiNjcxM2Fi"},"modifiedOn":"2018-08-20T02:46:05.257Z","isDeleted":false,"variables":{},"variableGroups":[],"environments":[{"id":1,"name":"Drivers Function App","rank":1,"owner":{"displayName":"Joel Hulen","url":"https://app.vssps.visualstudio.com/A7214b4e4-7ace-40b0-b139-973d0a8a2bab/_apis/Identities/806ea4d5-c8fa-4f9c-b43a-4872cf5d8eaa","_links":{"avatar":{"href":"https://solliance.visualstudio.com/_apis/GraphProfile/MemberAvatars/aad.MTZlNTlhNzItM2Q2NS03Yjg3LTg1MjEtNTZlMGNiNjcxM2Fi"}},"id":"806ea4d5-c8fa-4f9c-b43a-4872cf5d8eaa","uniqueName":"joel@solliance.net","imageUrl":"https://solliance.visualstudio.com/_api/_common/identityImage?id=806ea4d5-c8fa-4f9c-b43a-4872cf5d8eaa","descriptor":"aad.MTZlNTlhNzItM2Q2NS03Yjg3LTg1MjEtNTZlMGNiNjcxM2Fi"},"variables":{},"variableGroups":[],"preDeployApprovals":{"approvals":[{"rank":1,"isAutomated":true,"isNotificationOn":false,"id":1}],"approvalOptions":{"requiredApproverCount":null,"releaseCreatorCanBeApprover":true,"autoTriggeredAndPreviousEnvironmentApprovedCanBeSkipped":false,"enforceIdentityRevalidation":false,"timeoutInMinutes":0,"executionOrder":1}},"deployStep":{"id":2},"postDeployApprovals":{"approvals":[{"rank":1,"isAutomated":true,"isNotificationOn":false,"id":3}],"approvalOptions":{"requiredApproverCount":null,"releaseCreatorCanBeApprover":true,"autoTriggeredAndPreviousEnvironmentApprovedCanBeSkipped":false,"enforceIdentityRevalidation":false,"timeoutInMinutes":0,"executionOrder":2}},"deployPhases":[{"deploymentInput":{"parallelExecution":{"parallelExecutionType":"none"},"skipArtifactsDownload":false,"artifactsDownloadInput":{"downloadInputs":[{"artifactItems":["drop/**"],"alias":"Rideshare-ASP.NET Core-CI","artifactType":"Build","artifactDownloadMode":"Selective"}]},"queueId":25,"demands":[],"enableAccessToken":false,"timeoutInMinutes":0,"jobCancelTimeoutInMinutes":1,"condition":"succeeded()","overrideInputs":{}},"rank":1,"phaseType":1,"name":"Run on agent","workflowTasks":[{"environment":{},"taskId":"497d490f-eea7-4f2b-ab94-48d9c1acdcb1","version":"4.*","name":"Deploy Azure App Service","refName":"","enabled":true,"alwaysRun":false,"continueOnError":false,"timeoutInMinutes":0,"definitionType":null,"overrideInputs":{},"condition":"succeeded()","inputs":{"ConnectionType":"AzureRM","ConnectedServiceName":"$(Parameters.ConnectedServiceName)","PublishProfilePath":"$(System.DefaultWorkingDirectory)/**/*.pubxml","PublishProfilePassword":"","WebAppKind":"$(Parameters.WebAppKind)","WebAppName":"$(Parameters.WebAppName)","DeployToSlotOrASEFlag":"false","ResourceGroupName":"","SlotName":"production","DockerNamespace":"$(Parameters.DockerNamespace)","DockerRepository":"$(Parameters.DockerRepository)","DockerImageTag":"$(Build.BuildId)","VirtualApplication":"","Package":"$(System.DefaultWorkingDirectory)/Rideshare-ASP.NET Core-CI/drop/ServerlessMicroservices.FunctionApp.Drivers.zip","RuntimeStack":"$(Parameters.RuntimeStack)","StartupCommand":"","ScriptType":"","InlineScript":"","ScriptPath":"","WebConfigParameters":"","AppSettings":"","ConfigurationSettings":"","UseWebDeploy":"true","DeploymentType":"runFromZip","TakeAppOfflineFlag":"true","SetParametersFile":"","RemoveAdditionalFilesFlag":"false","ExcludeFilesFromAppDataFlag":"false","AdditionalArguments":"","RenameFilesFlag":"true","XmlTransformation":"false","XmlVariableSubstitution":"false","JSONFiles":""}}]}],"environmentOptions":{"emailNotificationType":"OnlyOnFailure","emailRecipients":"release.environment.owner;release.creator","skipArtifactsDownload":false,"timeoutInMinutes":0,"enableAccessToken":false,"publishDeploymentStatus":true,"badgeEnabled":false,"autoLinkWorkItems":false,"pullRequestDeploymentEnabled":false},"demands":[],"conditions":[{"name":"ReleaseStarted","conditionType":1,"value":""}],"executionPolicy":{"concurrencyCount":1,"queueDepthCount":0},"schedules":[],"currentRelease":{"id":18,"url":"https://solliance.vsrm.visualstudio.com/e085c464-eace-403e-8214-5677bdfd31aa/_apis/Release/releases/18","_links":{}},"retentionPolicy":{"daysToKeep":30,"releasesToKeep":3,"retainBuild":true},"processParameters":{"inputs":[{"aliases":[],"options":{},"properties":{},"name":"ConnectedServiceName","label":"Azure subscription","defaultValue":"cfcf1a08-a7e0-48cb-b8ad-0cff52c96ca7","required":true,"type":"connectedService:AzureRM","helpMarkDown":"Select the Azure Resource Manager subscription for the deployment.","visibleRule":"","groupName":""},{"aliases":[],"options":{"app":"Web App","applinux":"Linux App","functionapp":"Function App","api":"API App","mobileapp":"Mobile App"},"properties":{"EditableOptions":"false"},"name":"WebAppKind","label":"App type","defaultValue":"functionapp","type":"pickList","helpMarkDown":"","groupName":""},{"aliases":[],"options":{},"properties":{"EditableOptions":"True"},"name":"WebAppName","label":"App service name","defaultValue":"RideshareDriversFunctionApp","required":true,"type":"pickList","helpMarkDown":"Enter or select the name of an existing Azure App Service.","visibleRule":"","groupName":""},{"aliases":[],"options":{},"properties":{},"name":"DockerNamespace","label":"Registry or Namespace","defaultValue":"","required":true,"type":"string","helpMarkDown":"A globally unique top-level domain name for your specific registry or namespace.<br/> Note: Fully qualified image name will be of the format: '<b>`<registry or namespace`></b>/`<repository`>:`<tag`>'. For example, '<b>myregistry.azurecr.io</b>/nginx:latest'.","visibleRule":"WebAppKind = applinux && ImageSource = Registry","groupName":""},{"aliases":[],"options":{},"properties":{},"name":"DockerRepository","label":"Repository","defaultValue":"","required":true,"type":"string","helpMarkDown":"Name of the repository where the container images are stored.<br/> Note: Fully qualified image name will be of the format: '`<registry or namespace`>/<b>`<repository`></b>:`<tag`>'. For example, 'myregistry.azurecr.io/<b>nginx</b>:latest'.","visibleRule":"WebAppKind = applinux && ImageSource = Registry","groupName":""},{"aliases":[],"options":{"node|4.4":"Node.js 4.4","node|4.5":"Node.js 4.5","node|6.2":"Node.js 6.2","node|6.6":"Node.js 6.6","node|6.9":"Node.js 6.9","node|6.10":"Node.js 6.10","node|6.11":"Node.js 6.11","node|8.0":"Node.js 8.0","node|8.1":"Node.js 8.1","php|5.6":"PHP 5.6","php|7.0":"PHP 7.0","dotnetcore|1.0":".NET Core 1.0","dotnetcore|1.1":".NET Core 1.1","dotnetcore|2.0":".NET Core 2.0","ruby|2.3":"Ruby 2.3"},"properties":{},"name":"RuntimeStack","label":"Runtime Stack","defaultValue":"","required":true,"type":"pickList","helpMarkDown":"Select the framework and version.","visibleRule":"WebAppKind = applinux && ImageSource = Builtin"}],"dataSourceBindings":[{"dataSourceName":"AzureRMWebAppNamesByType","parameters":{"WebAppKind":"$(WebAppKind)"},"endpointId":"$(ConnectedServiceName)","target":"WebAppName"}]},"properties":{},"preDeploymentGates":{"id":0,"gatesOptions":null,"gates":[]},"postDeploymentGates":{"id":0,"gatesOptions":null,"gates":[]},"environmentTriggers":[],"badgeUrl":"https://solliance.vsrm.visualstudio.com/_apis/public/Release/badge/e085c464-eace-403e-8214-5677bdfd31aa/1/1"},{"id":2,"name":"Trips Function App","rank":2,"owner":{"displayName":"Joel Hulen","url":"https://app.vssps.visualstudio.com/A7214b4e4-7ace-40b0-b139-973d0a8a2bab/_apis/Identities/806ea4d5-c8fa-4f9c-b43a-4872cf5d8eaa","_links":{"avatar":{"href":"https://solliance.visualstudio.com/_apis/GraphProfile/MemberAvatars/aad.MTZlNTlhNzItM2Q2NS03Yjg3LTg1MjEtNTZlMGNiNjcxM2Fi"}},"id":"806ea4d5-c8fa-4f9c-b43a-4872cf5d8eaa","uniqueName":"joel@solliance.net","imageUrl":"https://solliance.visualstudio.com/_api/_common/identityImage?id=806ea4d5-c8fa-4f9c-b43a-4872cf5d8eaa","descriptor":"aad.MTZlNTlhNzItM2Q2NS03Yjg3LTg1MjEtNTZlMGNiNjcxM2Fi"},"variables":{},"variableGroups":[],"preDeployApprovals":{"approvals":[{"rank":1,"isAutomated":true,"isNotificationOn":false,"id":4}],"approvalOptions":{"requiredApproverCount":null,"releaseCreatorCanBeApprover":true,"autoTriggeredAndPreviousEnvironmentApprovedCanBeSkipped":false,"enforceIdentityRevalidation":false,"timeoutInMinutes":0,"executionOrder":1}},"deployStep":{"id":5},"postDeployApprovals":{"approvals":[{"rank":1,"isAutomated":true,"isNotificationOn":false,"id":6}],"approvalOptions":{"requiredApproverCount":null,"releaseCreatorCanBeApprover":true,"autoTriggeredAndPreviousEnvironmentApprovedCanBeSkipped":false,"enforceIdentityRevalidation":false,"timeoutInMinutes":0,"executionOrder":2}},"deployPhases":[{"deploymentInput":{"parallelExecution":{"parallelExecutionType":"none"},"skipArtifactsDownload":false,"artifactsDownloadInput":{"downloadInputs":[{"artifactItems":["drop/**"],"alias":"Rideshare-ASP.NET Core-CI","artifactType":"Build","artifactDownloadMode":"Selective"}]},"queueId":25,"demands":[],"enableAccessToken":false,"timeoutInMinutes":0,"jobCancelTimeoutInMinutes":1,"condition":"succeeded()","overrideInputs":{}},"rank":1,"phaseType":1,"name":"Run on agent","workflowTasks":[{"environment":{},"taskId":"497d490f-eea7-4f2b-ab94-48d9c1acdcb1","version":"4.*","name":"Deploy Azure App Service","refName":"","enabled":true,"alwaysRun":false,"continueOnError":false,"timeoutInMinutes":0,"definitionType":null,"overrideInputs":{},"condition":"succeeded()","inputs":{"ConnectionType":"AzureRM","ConnectedServiceName":"$(Parameters.ConnectedServiceName)","PublishProfilePath":"$(System.DefaultWorkingDirectory)/**/*.pubxml","PublishProfilePassword":"","WebAppKind":"$(Parameters.WebAppKind)","WebAppName":"$(Parameters.WebAppName)","DeployToSlotOrASEFlag":"false","ResourceGroupName":"","SlotName":"production","DockerNamespace":"$(Parameters.DockerNamespace)","DockerRepository":"$(Parameters.DockerRepository)","DockerImageTag":"$(Build.BuildId)","VirtualApplication":"","Package":"$(System.DefaultWorkingDirectory)/Rideshare-ASP.NET Core-CI/drop/ServerlessMicroservices.FunctionApp.Trips.zip","RuntimeStack":"$(Parameters.RuntimeStack)","StartupCommand":"","ScriptType":"","InlineScript":"","ScriptPath":"","WebConfigParameters":"","AppSettings":"","ConfigurationSettings":"","UseWebDeploy":"true","DeploymentType":"runFromZip","TakeAppOfflineFlag":"true","SetParametersFile":"","RemoveAdditionalFilesFlag":"false","ExcludeFilesFromAppDataFlag":"false","AdditionalArguments":"","RenameFilesFlag":"true","XmlTransformation":"false","XmlVariableSubstitution":"false","JSONFiles":""}}]}],"environmentOptions":{"emailNotificationType":"OnlyOnFailure","emailRecipients":"release.environment.owner;release.creator","skipArtifactsDownload":false,"timeoutInMinutes":0,"enableAccessToken":false,"publishDeploymentStatus":true,"badgeEnabled":false,"autoLinkWorkItems":false,"pullRequestDeploymentEnabled":false},"demands":[],"conditions":[{"name":"Drivers Function App","conditionType":2,"value":"4"}],"executionPolicy":{"concurrencyCount":1,"queueDepthCount":0},"schedules":[],"currentRelease":{"id":18,"url":"https://solliance.vsrm.visualstudio.com/e085c464-eace-403e-8214-5677bdfd31aa/_apis/Release/releases/18","_links":{}},"retentionPolicy":{"daysToKeep":30,"releasesToKeep":3,"retainBuild":true},"processParameters":{"inputs":[{"aliases":[],"options":{},"properties":{},"name":"ConnectedServiceName","label":"Azure subscription","defaultValue":"cfcf1a08-a7e0-48cb-b8ad-0cff52c96ca7","required":true,"type":"connectedService:AzureRM","helpMarkDown":"Select the Azure Resource Manager subscription for the deployment.","visibleRule":"","groupName":""},{"aliases":[],"options":{"app":"Web App","applinux":"Linux App","functionapp":"Function App","api":"API App","mobileapp":"Mobile App"},"properties":{"EditableOptions":"false"},"name":"WebAppKind","label":"App type","defaultValue":"functionapp","type":"pickList","helpMarkDown":"","groupName":""},{"aliases":[],"options":{},"properties":{"EditableOptions":"True"},"name":"WebAppName","label":"App service name","defaultValue":"RideshareTripsFunctionApp","required":true,"type":"pickList","helpMarkDown":"Enter or select the name of an existing Azure App Service.","visibleRule":"","groupName":""},{"aliases":[],"options":{},"properties":{},"name":"DockerNamespace","label":"Registry or Namespace","defaultValue":"","required":true,"type":"string","helpMarkDown":"A globally unique top-level domain name for your specific registry or namespace.<br/> Note: Fully qualified image name will be of the format: '<b>`<registry or namespace`></b>/`<repository`>:`<tag`>'. For example, '<b>myregistry.azurecr.io</b>/nginx:latest'.","visibleRule":"WebAppKind = applinux && ImageSource = Registry","groupName":""},{"aliases":[],"options":{},"properties":{},"name":"DockerRepository","label":"Repository","defaultValue":"","required":true,"type":"string","helpMarkDown":"Name of the repository where the container images are stored.<br/> Note: Fully qualified image name will be of the format: '`<registry or namespace`>/<b>`<repository`></b>:`<tag`>'. For example, 'myregistry.azurecr.io/<b>nginx</b>:latest'.","visibleRule":"WebAppKind = applinux && ImageSource = Registry","groupName":""},{"aliases":[],"options":{"node|4.4":"Node.js 4.4","node|4.5":"Node.js 4.5","node|6.2":"Node.js 6.2","node|6.6":"Node.js 6.6","node|6.9":"Node.js 6.9","node|6.10":"Node.js 6.10","node|6.11":"Node.js 6.11","node|8.0":"Node.js 8.0","node|8.1":"Node.js 8.1","php|5.6":"PHP 5.6","php|7.0":"PHP 7.0","dotnetcore|1.0":".NET Core 1.0","dotnetcore|1.1":".NET Core 1.1","dotnetcore|2.0":".NET Core 2.0","ruby|2.3":"Ruby 2.3"},"properties":{},"name":"RuntimeStack","label":"Runtime Stack","defaultValue":"","required":true,"type":"pickList","helpMarkDown":"Select the framework and version.","visibleRule":"WebAppKind = applinux && ImageSource = Builtin"}],"dataSourceBindings":[{"dataSourceName":"AzureRMWebAppNamesByType","parameters":{"WebAppKind":"$(WebAppKind)"},"endpointId":"$(ConnectedServiceName)","target":"WebAppName"}]},"properties":{},"preDeploymentGates":{"id":0,"gatesOptions":null,"gates":[]},"postDeploymentGates":{"id":0,"gatesOptions":null,"gates":[]},"environmentTriggers":[],"badgeUrl":"https://solliance.vsrm.visualstudio.com/_apis/public/Release/badge/e085c464-eace-403e-8214-5677bdfd31aa/1/2"},{"id":3,"name":"Orchestrators Function App","rank":3,"owner":{"displayName":"Joel Hulen","url":"https://app.vssps.visualstudio.com/A7214b4e4-7ace-40b0-b139-973d0a8a2bab/_apis/Identities/806ea4d5-c8fa-4f9c-b43a-4872cf5d8eaa","_links":{"avatar":{"href":"https://solliance.visualstudio.com/_apis/GraphProfile/MemberAvatars/aad.MTZlNTlhNzItM2Q2NS03Yjg3LTg1MjEtNTZlMGNiNjcxM2Fi"}},"id":"806ea4d5-c8fa-4f9c-b43a-4872cf5d8eaa","uniqueName":"joel@solliance.net","imageUrl":"https://solliance.visualstudio.com/_api/_common/identityImage?id=806ea4d5-c8fa-4f9c-b43a-4872cf5d8eaa","descriptor":"aad.MTZlNTlhNzItM2Q2NS03Yjg3LTg1MjEtNTZlMGNiNjcxM2Fi"},"variables":{},"variableGroups":[],"preDeployApprovals":{"approvals":[{"rank":1,"isAutomated":true,"isNotificationOn":false,"id":7}],"approvalOptions":{"requiredApproverCount":null,"releaseCreatorCanBeApprover":true,"autoTriggeredAndPreviousEnvironmentApprovedCanBeSkipped":false,"enforceIdentityRevalidation":false,"timeoutInMinutes":0,"executionOrder":1}},"deployStep":{"id":8},"postDeployApprovals":{"approvals":[{"rank":1,"isAutomated":true,"isNotificationOn":false,"id":9}],"approvalOptions":{"requiredApproverCount":null,"releaseCreatorCanBeApprover":true,"autoTriggeredAndPreviousEnvironmentApprovedCanBeSkipped":false,"enforceIdentityRevalidation":false,"timeoutInMinutes":0,"executionOrder":2}},"deployPhases":[{"deploymentInput":{"parallelExecution":{"parallelExecutionType":"none"},"skipArtifactsDownload":false,"artifactsDownloadInput":{"downloadInputs":[{"artifactItems":["drop/**"],"alias":"Rideshare-ASP.NET Core-CI","artifactType":"Build","artifactDownloadMode":"Selective"}]},"queueId":25,"demands":[],"enableAccessToken":false,"timeoutInMinutes":0,"jobCancelTimeoutInMinutes":1,"condition":"succeeded()","overrideInputs":{}},"rank":1,"phaseType":1,"name":"Run on agent","workflowTasks":[{"environment":{},"taskId":"497d490f-eea7-4f2b-ab94-48d9c1acdcb1","version":"4.*","name":"Deploy Azure App Service","refName":"","enabled":true,"alwaysRun":false,"continueOnError":false,"timeoutInMinutes":0,"definitionType":null,"overrideInputs":{},"condition":"succeeded()","inputs":{"ConnectionType":"AzureRM","ConnectedServiceName":"$(Parameters.ConnectedServiceName)","PublishProfilePath":"$(System.DefaultWorkingDirectory)/**/*.pubxml","PublishProfilePassword":"","WebAppKind":"$(Parameters.WebAppKind)","WebAppName":"$(Parameters.WebAppName)","DeployToSlotOrASEFlag":"false","ResourceGroupName":"","SlotName":"","DockerNamespace":"$(Parameters.DockerNamespace)","DockerRepository":"$(Parameters.DockerRepository)","DockerImageTag":"$(Build.BuildId)","VirtualApplication":"","Package":"$(System.DefaultWorkingDirectory)/Rideshare-ASP.NET Core-CI/drop/ServerlessMicroservices.FunctionApp.Orchestrators.zip","RuntimeStack":"$(Parameters.RuntimeStack)","StartupCommand":"","ScriptType":"","InlineScript":"","ScriptPath":"","WebConfigParameters":"","AppSettings":"","ConfigurationSettings":"","UseWebDeploy":"true","DeploymentType":"runFromZip","TakeAppOfflineFlag":"true","SetParametersFile":"","RemoveAdditionalFilesFlag":"false","ExcludeFilesFromAppDataFlag":"false","AdditionalArguments":"","RenameFilesFlag":"true","XmlTransformation":"false","XmlVariableSubstitution":"false","JSONFiles":""}}]}],"environmentOptions":{"emailNotificationType":"OnlyOnFailure","emailRecipients":"release.environment.owner;release.creator","skipArtifactsDownload":false,"timeoutInMinutes":0,"enableAccessToken":false,"publishDeploymentStatus":true,"badgeEnabled":false,"autoLinkWorkItems":false,"pullRequestDeploymentEnabled":false},"demands":[],"conditions":[{"name":"Drivers Function App","conditionType":2,"value":"4"}],"executionPolicy":{"concurrencyCount":1,"queueDepthCount":0},"schedules":[],"currentRelease":{"id":18,"url":"https://solliance.vsrm.visualstudio.com/e085c464-eace-403e-8214-5677bdfd31aa/_apis/Release/releases/18","_links":{}},"retentionPolicy":{"daysToKeep":30,"releasesToKeep":3,"retainBuild":true},"processParameters":{"inputs":[{"aliases":[],"options":{},"properties":{},"name":"ConnectedServiceName","label":"Azure subscription","defaultValue":"cfcf1a08-a7e0-48cb-b8ad-0cff52c96ca7","required":true,"type":"connectedService:AzureRM","helpMarkDown":"Select the Azure Resource Manager subscription for the deployment.","visibleRule":"","groupName":""},{"aliases":[],"options":{"app":"Web App","applinux":"Linux App","functionapp":"Function App","api":"API App","mobileapp":"Mobile App"},"properties":{"EditableOptions":"false"},"name":"WebAppKind","label":"App type","defaultValue":"functionapp","type":"pickList","helpMarkDown":"","groupName":""},{"aliases":[],"options":{},"properties":{"EditableOptions":"True"},"name":"WebAppName","label":"App service name","defaultValue":"RideshareOrchestratorsFunctionApp","required":true,"type":"pickList","helpMarkDown":"Enter or select the name of an existing Azure App Service.","visibleRule":"","groupName":""},{"aliases":[],"options":{},"properties":{},"name":"DockerNamespace","label":"Registry or Namespace","defaultValue":"","required":true,"type":"string","helpMarkDown":"A globally unique top-level domain name for your specific registry or namespace.<br/> Note: Fully qualified image name will be of the format: '<b>`<registry or namespace`></b>/`<repository`>:`<tag`>'. For example, '<b>myregistry.azurecr.io</b>/nginx:latest'.","visibleRule":"WebAppKind = applinux && ImageSource = Registry","groupName":""},{"aliases":[],"options":{},"properties":{},"name":"DockerRepository","label":"Repository","defaultValue":"","required":true,"type":"string","helpMarkDown":"Name of the repository where the container images are stored.<br/> Note: Fully qualified image name will be of the format: '`<registry or namespace`>/<b>`<repository`></b>:`<tag`>'. For example, 'myregistry.azurecr.io/<b>nginx</b>:latest'.","visibleRule":"WebAppKind = applinux && ImageSource = Registry","groupName":""},{"aliases":[],"options":{"node|4.4":"Node.js 4.4","node|4.5":"Node.js 4.5","node|6.2":"Node.js 6.2","node|6.6":"Node.js 6.6","node|6.9":"Node.js 6.9","node|6.10":"Node.js 6.10","node|6.11":"Node.js 6.11","node|8.0":"Node.js 8.0","node|8.1":"Node.js 8.1","php|5.6":"PHP 5.6","php|7.0":"PHP 7.0","dotnetcore|1.0":".NET Core 1.0","dotnetcore|1.1":".NET Core 1.1","dotnetcore|2.0":".NET Core 2.0","ruby|2.3":"Ruby 2.3"},"properties":{},"name":"RuntimeStack","label":"Runtime Stack","defaultValue":"","required":true,"type":"pickList","helpMarkDown":"Select the framework and version.","visibleRule":"WebAppKind = applinux && ImageSource = Builtin"}],"dataSourceBindings":[{"dataSourceName":"AzureRMWebAppNamesByType","parameters":{"WebAppKind":"$(WebAppKind)"},"endpointId":"$(ConnectedServiceName)","target":"WebAppName"}]},"properties":{},"preDeploymentGates":{"id":0,"gatesOptions":null,"gates":[]},"postDeploymentGates":{"id":0,"gatesOptions":null,"gates":[]},"environmentTriggers":[],"badgeUrl":"https://solliance.vsrm.visualstudio.com/_apis/public/Release/badge/e085c464-eace-403e-8214-5677bdfd31aa/1/3"},{"id":5,"name":"Passengers Function App","rank":4,"owner":{"displayName":"Joel Hulen","url":"https://app.vssps.visualstudio.com/A7214b4e4-7ace-40b0-b139-973d0a8a2bab/_apis/Identities/806ea4d5-c8fa-4f9c-b43a-4872cf5d8eaa","_links":{"avatar":{"href":"https://solliance.visualstudio.com/_apis/GraphProfile/MemberAvatars/aad.MTZlNTlhNzItM2Q2NS03Yjg3LTg1MjEtNTZlMGNiNjcxM2Fi"}},"id":"806ea4d5-c8fa-4f9c-b43a-4872cf5d8eaa","uniqueName":"joel@solliance.net","imageUrl":"https://solliance.visualstudio.com/_api/_common/identityImage?id=806ea4d5-c8fa-4f9c-b43a-4872cf5d8eaa","descriptor":"aad.MTZlNTlhNzItM2Q2NS03Yjg3LTg1MjEtNTZlMGNiNjcxM2Fi"},"variables":{},"variableGroups":[],"preDeployApprovals":{"approvals":[{"rank":1,"isAutomated":true,"isNotificationOn":false,"id":13}],"approvalOptions":{"requiredApproverCount":null,"releaseCreatorCanBeApprover":true,"autoTriggeredAndPreviousEnvironmentApprovedCanBeSkipped":false,"enforceIdentityRevalidation":false,"timeoutInMinutes":0,"executionOrder":1}},"deployStep":{"id":14},"postDeployApprovals":{"approvals":[{"rank":1,"isAutomated":true,"isNotificationOn":false,"id":15}],"approvalOptions":{"requiredApproverCount":null,"releaseCreatorCanBeApprover":true,"autoTriggeredAndPreviousEnvironmentApprovedCanBeSkipped":false,"enforceIdentityRevalidation":false,"timeoutInMinutes":0,"executionOrder":2}},"deployPhases":[{"deploymentInput":{"parallelExecution":{"parallelExecutionType":"none"},"skipArtifactsDownload":false,"artifactsDownloadInput":{"downloadInputs":[{"artifactItems":["drop/**"],"alias":"Rideshare-ASP.NET Core-CI","artifactType":"Build","artifactDownloadMode":"Selective"}]},"queueId":25,"demands":[],"enableAccessToken":false,"timeoutInMinutes":0,"jobCancelTimeoutInMinutes":1,"condition":"succeeded()","overrideInputs":{}},"rank":1,"phaseType":1,"name":"Run on agent","workflowTasks":[{"environment":{},"taskId":"497d490f-eea7-4f2b-ab94-48d9c1acdcb1","version":"4.*","name":"Deploy Azure App Service","refName":"","enabled":true,"alwaysRun":false,"continueOnError":false,"timeoutInMinutes":0,"definitionType":null,"overrideInputs":{},"inputs":{"ConnectionType":"AzureRM","ConnectedServiceName":"$(Parameters.ConnectedServiceName)","PublishProfilePath":"$(System.DefaultWorkingDirectory)/**/*.pubxml","PublishProfilePassword":"","WebAppKind":"$(Parameters.WebAppKind)","WebAppName":"$(Parameters.WebAppName)","DeployToSlotOrASEFlag":"false","ResourceGroupName":"","SlotName":"","DockerNamespace":"$(Parameters.DockerNamespace)","DockerRepository":"$(Parameters.DockerRepository)","DockerImageTag":"$(Build.BuildId)","VirtualApplication":"","Package":"$(System.DefaultWorkingDirectory)/Rideshare-ASP.NET Core-CI/drop/ServerlessMicroservices.FunctionApp.Passengers.zip","RuntimeStack":"$(Parameters.RuntimeStack)","StartupCommand":"","ScriptType":"","InlineScript":"","ScriptPath":"","WebConfigParameters":"","AppSettings":"","ConfigurationSettings":"","UseWebDeploy":"true","DeploymentType":"runFromZip","TakeAppOfflineFlag":"true","SetParametersFile":"","RemoveAdditionalFilesFlag":"false","ExcludeFilesFromAppDataFlag":"false","AdditionalArguments":"","RenameFilesFlag":"true","XmlTransformation":"false","XmlVariableSubstitution":"false","JSONFiles":""}}]}],"environmentOptions":{"emailNotificationType":"OnlyOnFailure","emailRecipients":"release.environment.owner;release.creator","skipArtifactsDownload":false,"timeoutInMinutes":0,"enableAccessToken":false,"publishDeploymentStatus":true,"badgeEnabled":false,"autoLinkWorkItems":false,"pullRequestDeploymentEnabled":false},"demands":[],"conditions":[{"name":"Drivers Function App","conditionType":2,"value":"4"}],"executionPolicy":{"concurrencyCount":1,"queueDepthCount":0},"schedules":[],"currentRelease":{"id":18,"url":"https://solliance.vsrm.visualstudio.com/e085c464-eace-403e-8214-5677bdfd31aa/_apis/Release/releases/18","_links":{}},"retentionPolicy":{"daysToKeep":30,"releasesToKeep":3,"retainBuild":true},"processParameters":{"inputs":[{"aliases":[],"options":{},"properties":{},"name":"ConnectedServiceName","label":"Azure subscription","defaultValue":"cfcf1a08-a7e0-48cb-b8ad-0cff52c96ca7","required":true,"type":"connectedService:AzureRM","helpMarkDown":"Select the Azure Resource Manager subscription for the deployment.","visibleRule":"","groupName":""},{"aliases":[],"options":{"app":"Web App","applinux":"Linux App","functionapp":"Function App","api":"API App","mobileapp":"Mobile App"},"properties":{"EditableOptions":"false"},"name":"WebAppKind","label":"App type","defaultValue":"functionapp","type":"pickList","helpMarkDown":"","groupName":""},{"aliases":[],"options":{},"properties":{"EditableOptions":"True"},"name":"WebAppName","label":"App service name","defaultValue":"RidesharePassengersFunctionApp","required":true,"type":"pickList","helpMarkDown":"Enter or select the name of an existing Azure App Service.","visibleRule":"","groupName":""},{"aliases":[],"options":{},"properties":{},"name":"DockerNamespace","label":"Registry or Namespace","defaultValue":"","required":true,"type":"string","helpMarkDown":"A globally unique top-level domain name for your specific registry or namespace.<br/> Note: Fully qualified image name will be of the format: '<b>`<registry or namespace`></b>/`<repository`>:`<tag`>'. For example, '<b>myregistry.azurecr.io</b>/nginx:latest'.","visibleRule":"WebAppKind = applinux && ImageSource = Registry","groupName":""},{"aliases":[],"options":{},"properties":{},"name":"DockerRepository","label":"Repository","defaultValue":"","required":true,"type":"string","helpMarkDown":"Name of the repository where the container images are stored.<br/> Note: Fully qualified image name will be of the format: '`<registry or namespace`>/<b>`<repository`></b>:`<tag`>'. For example, 'myregistry.azurecr.io/<b>nginx</b>:latest'.","visibleRule":"WebAppKind = applinux && ImageSource = Registry","groupName":""},{"aliases":[],"options":{"node|4.4":"Node.js 4.4","node|4.5":"Node.js 4.5","node|6.2":"Node.js 6.2","node|6.6":"Node.js 6.6","node|6.9":"Node.js 6.9","node|6.10":"Node.js 6.10","node|6.11":"Node.js 6.11","node|8.0":"Node.js 8.0","node|8.1":"Node.js 8.1","php|5.6":"PHP 5.6","php|7.0":"PHP 7.0","dotnetcore|1.0":".NET Core 1.0","dotnetcore|1.1":".NET Core 1.1","dotnetcore|2.0":".NET Core 2.0","ruby|2.3":"Ruby 2.3"},"properties":{},"name":"RuntimeStack","label":"Runtime Stack","defaultValue":"","required":true,"type":"pickList","helpMarkDown":"Select the framework and version.","visibleRule":"WebAppKind = applinux && ImageSource = Builtin"}],"dataSourceBindings":[{"dataSourceName":"AzureRMWebAppNamesByType","parameters":{"WebAppKind":"$(WebAppKind)"},"endpointId":"$(ConnectedServiceName)","target":"WebAppName"}]},"properties":{},"preDeploymentGates":{"id":0,"gatesOptions":null,"gates":[]},"postDeploymentGates":{"id":0,"gatesOptions":null,"gates":[]},"environmentTriggers":[],"badgeUrl":"https://solliance.vsrm.visualstudio.com/_apis/public/Release/badge/e085c464-eace-403e-8214-5677bdfd31aa/1/5"}],"artifacts":[{"sourceId":"e085c464-eace-403e-8214-5677bdfd31aa:1","type":"Build","alias":"Rideshare-ASP.NET Core-CI","definitionReference":{"artifactSourceDefinitionUrl":{"id":"https://solliance.visualstudio.com/_permalink/_build/index?collectionId=8854f3d2-59c5-4b14-b687-1071a9da8180&projectId=e085c464-eace-403e-8214-5677bdfd31aa&definitionId=1","name":""},"defaultVersionBranch":{"id":"","name":""},"defaultVersionSpecific":{"id":"","name":""},"defaultVersionTags":{"id":"","name":""},"defaultVersionType":{"id":"latestType","name":"Latest"},"definition":{"id":"1","name":"Rideshare-ASP.NET Core-CI"},"project":{"id":"e085c464-eace-403e-8214-5677bdfd31aa","name":"Rideshare"}},"isPrimary":true,"isRetained":false}],"triggers":[],"releaseNameFormat":"Release-$(rev:r)","tags":[],"properties":{"DefinitionCreationSource":{"$type":"System.String","$value":"ReleaseNew"}},"id":1,"name":"Function apps release pipeline","path":"\\","projectReference":null,"url":"https://solliance.vsrm.visualstudio.com/e085c464-eace-403e-8214-5677bdfd31aa/_apis/Release/definitions/1","_links":{"self":{"href":"https://solliance.vsrm.visualstudio.com/e085c464-eace-403e-8214-5677bdfd31aa/_apis/Release/definitions/1"},"web":{"href":"https://solliance.visualstudio.com/e085c464-eace-403e-8214-5677bdfd31aa/_release?definitionId=1"}}}